<?xml version="1.0" encoding="windows-1252"?>
<!--  This file conforms to the DTD xdc/bld/build.dtd -->
<package name="xconfig_main" version="" producerId="undefined">
    <units>
    </units>
    <sources>
        <srcFile name="package/cfg/main_pe430X.c"/>
    </sources>
    <configscripts>
        <srcFile name="C:/Users/tr/workspace_v6_1/EPS_CC1/main.cfg"/>
    </configscripts>
    <makefiles>
        <srcFile name="package.mak" src="package.bld"/>
        <srcFile name="package/package.xdc.dep" src="package.xdc"/>
        <srcFile name="package/cfg/main_pe430X.mak" src="package.bld"/>
        <srcFile name="package/cfg/main_pe430X.oe430X.dep" src="package/cfg/main_pe430X.c"/>
        <srcFile name="package/cfg/main_pe430X.dep" src="package/cfg/main_pe430X.cfg"/>
        <srcFile name="package/cfg/main.xe430X.mak" src="package.bld"/>
        <srcFile name="package/rel/xconfig_main.tar.dep" src="package/rel/xconfig_main.xdc.inc"/>
    </makefiles>
    <targets>
        <target name="ti.targets.msp430.elf.MSP430X"
            version="ti.targets.msp430.elf.MSP430X{1,0,4.4,3"
            rawVersion="4.4.3"
            platform="ti.platforms.exp430F5438"
            isa="430X"
            suffix="e430X"
            rootDir="C:/ti/ccsv6/tools/compiler/ti-cgt-msp430_4.4.3"
            os="undefined"
            rts="ti.targets.msp430.rts430">
            <model endian="little"
                codeModel="large"
                dataModel="restricted"/>
        </target>
    </targets>
    <libraries>
    </libraries>
    <configurations>
    <configuration name="main"
        pname="main.pe430X"
        target="ti.targets.msp430.elf.MSP430X"
        platform="ti.platforms.msp430:MSP430FR5738"
        profile="release"
        isPartial="false"
        xCfgScript="package/cfg/main_pe430X.cfg"
        xCfgPrefix="package/cfg/main_pe430X"
        cfgScript="C:/Users/tr/workspace_v6_1/EPS_CC1/main.cfg"
        cfgArgs="null"
        />
    </configurations>
    <executables>
    <executable name="main"
        pname="main.xe430X"
        target="ti.targets.msp430.elf.MSP430X"
        platform="ti.platforms.msp430:MSP430FR5738"
        profile="release"
        xCfgScript="package/cfg/main_pe430X.cfg"
        xCfgPrefix="package/cfg/main_pe430X"
        cfgScript="C:/Users/tr/workspace_v6_1/EPS_CC1/main.cfg"
        cfgArgs="null"
        />
    </executables>
    <tests>
    <test exeName="main.xe430X"
        args=""
        groupName="main.xe430X"
        refOutput="undefined"
        refExitCode="0"
        execArgs=""
        />
    </tests>
    <releases relDir="package/rel/">
    <release name="xconfig_main"
        pname="xconfig_main.tar"
        label="default"
    >
        <file name="package/package.bld.xml"/>
        <file name="package/build.cfg"/>
        <file name="package/package.xdc.inc"/>
    </release>
    </releases>
    <repositories>
    </repositories>
</package>
